code,population_pct,gdp_pct,labor_rate
AW,0.0013310000,0.0037720000,0.2384506743
AF,0.5256290000,0.0000000000,0.1306450000
AO,0.4669420000,0.1128200000,0.1663269691
AL,0.0292980000,0.0162930000,0.4950841600
AD,0.0010100000,0.0035190000,0.2602737300
AE,0.1354070000,0.4783660000,0.2654826400
AR,0.5632040000,0.6109050000,0.4225391800
AM,0.0373880000,0.0170740000,0.2620894800
AS,0.0005760000,0.0000000000,0.2602272900
AG,0.0011560000,0.0018010000,0.2384506743
AU,0.3352000000,1.7498930000,0.4109869400
AT,0.1131180000,0.4414390000,0.6424562500
AZ,0.1257500000,0.0626900000,0.4293687367
BI,0.1731390000,0.0039500000,0.0561100000
BE,0.1461570000,0.5590380000,0.7478570000
BJ,0.1782530000,0.0200520000,0.1663269691
BF,0.2902380000,0.0188240000,0.0880700000
BD,2.1391530000,0.3526130000,0.0841633400
BG,0.0793900000,0.0682670000,0.1258333400
BH,0.0195800000,0.0429160000,0.2606024500
BS,0.0049460000,0.0142650000,0.2384506743
BA,0.0389990000,0.0222870000,0.4000000000
BY,0.1125590000,0.0649170000,0.4293687367
BZ,0.0051400000,0.0027460000,0.0863512500
BM,0.0007970000,0.0082610000,0.2325722200
BO,0.1529940000,0.0395660000,0.1683063600
BR,2.6128780000,2.1225210000,0.4071858600
BB,0.0034810000,0.0063800000,0.2384506743
BN,0.0057030000,0.0143160000,0.1184226214
BT,0.0097560000,0.0000000000,0.1479805700
BW,0.0310730000,0.0183040000,0.3044192800
CF,0.0657010000,0.0021750000,0.1663269691
CA,0.5088810000,1.9191060000,0.3024616600
CH,0.1109940000,0.8488570000,0.3147100000
CL,0.2436000000,0.3015690000,0.1544257900
CN,17.3655890000,19.3485070000,0.3530645000
CI,0.3935890000,0.0800640000,0.0963900000
CM,0.3589500000,0.0451310000,0.1085775000
CD,1.3468280000,0.0633840000,0.1663269691
CG,0.0780540000,0.0111320000,0.1663269691
CO,0.6518230000,0.3798830000,0.0552809700
KM,0.0106810000,0.0012710000,0.1663269691
CV,0.0064690000,0.0024440000,0.2090000000
CR,0.0632260000,0.0798130000,0.1195112500
CU,0.1353260000,0.0848180000,0.8025600000
CW,0.0019220000,0.0029450000,0.2349100000
KY,0.0009180000,0.0000000000,0.2384506743
CY,0.0167410000,0.0332170000,0.5473794100
CZ,0.1344040000,0.2333340000,0.2490489400
DE,1.0293400000,3.8481700000,0.4008282500
DJ,0.0144040000,0.0040250000,0.1663269691
DM,0.0008160000,0.0006360000,0.2384506743
DK,0.0736660000,0.3801430000,0.7643707500
DO,0.1408440000,0.1096490000,0.2384506743
DZ,0.5769850000,0.2334870000,0.1663269691
EC,0.2235190000,0.1138650000,0.2065565740
EG,1.4363320000,0.5046300000,0.1725100000
ER,0.0435760000,0.0000000000,0.1663269691
ES,0.6020610000,1.4950780000,0.4780921400
EE,0.0169140000,0.0288360000,0.1492561800
ET,1.6276340000,0.1220990000,0.0540938400
FI,0.0692650000,0.2661590000,0.7877605000
FJ,0.0114470000,0.0057690000,0.1623550000
FR,0.8448980000,2.8469610000,0.5398800000
FO,0.0006740000,0.0033910000,0.2602765000
FM,0.0013950000,0.0003470000,0.2208726875
GA,0.0312930000,0.0175870000,0.1663269691
GB,0.8532090000,3.4746530000,0.3397403654
GE,0.0455970000,0.0263590000,0.2031633400
GH,0.4243170000,0.0781020000,0.2730941300
GI,0.0004850000,0.0000000000,0.2602285600
GN,0.1818520000,0.0161510000,0.1663269691
GM,0.0340170000,0.0021920000,0.1663269691
GW,0.0271320000,0.0018290000,0.1663269691
GQ,0.0233250000,0.0099860000,0.1663269691
GR,0.1282430000,0.2340630000,0.3620986600
GD,0.0014450000,0.0012510000,0.2384506743
GL,0.0007010000,0.0000000000,0.2602255400
GT,0.2268580000,0.0878990000,0.0336340000
GU,0.0020680000,0.0000000000,0.2602064800
GY,0.0102430000,0.0287330000,0.1401000000
HK,0.0927340000,0.3520800000,0.3078719167
HN,0.1334270000,0.0291550000,0.0305937500
HR,0.0476510000,0.0722400000,0.3905660000
HT,0.1450970000,0.0142290000,0.0172300000
HU,0.1178520000,0.1653030000,0.2067531000
ID,3.4939830000,1.2958610000,0.1341244900
IM,0.0010370000,0.0000000000,0.2602208600
IN,17.8827550000,3.6396700000,0.1764870000
IE,0.0665030000,0.5334910000,0.3539781000
IR,1.1285710000,0.5591090000,0.2937739550
IQ,0.5674670000,0.2014260000,0.2937739550
IS,0.0047640000,0.0239890000,0.8898571400
IL,0.1229340000,0.4368040000,0.3059216600
IT,0.7265910000,2.1282270000,0.6659685000
JM,0.0349930000,0.0181140000,0.2384506743
JO,0.1423890000,0.0485660000,0.2937739550
JP,1.5279940000,4.8203550000,0.1824502500
KZ,0.2538030000,0.2558690000,0.5455240000
KE,0.6955350000,0.1098510000,0.0960750000
KG,0.0890090000,0.0105180000,0.4293687367
KH,0.2173980000,0.0402920000,0.1325225000
KI,0.0016580000,0.0002870000,0.2208726875
KN,0.0005770000,0.0010630000,0.2384506743
KR,0.6378310000,2.0065220000,0.3397403654
KW,0.0603590000,0.1223270000,0.2612183700
LA,0.0957630000,0.0221260000,0.1184226214
LB,0.0715580000,0.0000000000,0.2937739550
LR,0.0691780000,0.0039070000,0.2008200000
LY,0.0909710000,0.0594490000,0.1663269691
LC,0.0022150000,0.0022300000,0.0860200000
LI,0.0004990000,0.0000000000,0.4576916925
LK,0.2701140000,0.0960210000,0.0953604600
LS,0.0288090000,0.0024240000,0.0757800000
LT,0.0355980000,0.0577110000,0.0963421900
LU,0.0083440000,0.0737900000,0.4727722700
LV,0.0230000000,0.0319790000,0.1661236600
MO,0.0084670000,0.0455660000,0.3078719167
MF,0.0003220000,0.0000000000,0.2384506743
MA,0.4693500000,0.1423040000,0.0568325000
MC,0.0004760000,0.0099930000,0.2603777400
MD,0.0296080000,0.0096830000,0.4293687367
MG,0.3939670000,0.0151670000,0.0879750000
MV,0.0065050000,0.0065170000,0.1479805700
MX,1.6128590000,1.4128490000,0.1223186200
MH,0.0004630000,0.0002280000,0.2208726875
MK,0.0224850000,0.0126560000,0.4138045000
ML,0.3016980000,0.0233060000,0.1151783300
MT,0.0070110000,0.0206400000,0.4869114300
MM,0.6717130000,0.0660750000,0.0100000000
ME,0.0076850000,0.0055730000,0.5041700000
MN,0.0434430000,0.0170670000,0.3881010000
MP,0.0005460000,0.0000000000,0.2602277100
MZ,0.4268360000,0.0219490000,0.1717660000
MR,0.0637130000,0.0091350000,0.1036000000
MU,0.0153540000,0.0155600000,0.3433760000
MW,0.2669010000,0.0125090000,0.1415000000
MY,0.4382480000,0.4422250000,0.0548630700
NC,0.0036070000,0.0000000000,0.2601850300
NE,0.3331740000,0.0168370000,0.1663269691
NG,2.8677700000,0.5660700000,0.0994300000
NI,0.0852410000,0.0165780000,0.0699000000
NL,0.2217690000,0.9637360000,0.6103146350
NO,0.0686780000,0.4645890000,0.5984308600
NP,0.3654490000,0.0366110000,0.3398533300
NR,0.0001470000,0.0001070000,0.2208726875
NZ,0.0651680000,0.2346690000,0.1921454800
OM,0.0650950000,0.0958840000,0.2607579100
PK,3.0968870000,0.4298300000,0.0613742900
PA,0.0556540000,0.0809170000,0.1097737500
PE,0.4217340000,0.2403300000,0.0242983400
PH,1.4277710000,0.4758830000,0.1184226214
PW,0.0002180000,0.0000000000,0.2208726875
PG,0.1303550000,0.0283880000,0.2208726875
PL,0.4505920000,0.6887100000,0.1783424400
PR,0.0394810000,0.1038270000,0.2384506743
KP,0.3265970000,0.0000000000,0.3078719167
PT,0.1318120000,0.2534780000,0.4905473500
PY,0.0854020000,0.0481570000,0.0425995800
PS,0.0651890000,0.0114700000,0.2594974800
PF,0.0034730000,0.0061480000,0.2602786000
QA,0.0352230000,0.1859010000,0.2625171000
RO,0.2348130000,0.2484310000,0.5373958400
RU,1.7690520000,1.6873800000,0.4293687367
RW,0.1757120000,0.0159710000,0.0533766700
SA,0.4350750000,0.9222220000,0.3397403654
SD,0.6217820000,0.0305370000,0.1663269691
SN,0.2280370000,0.0292750000,0.1238691000
SG,0.0744040000,0.4277580000,0.1880232500
SB,0.0100970000,0.0015490000,0.2208726875
SL,0.1065130000,0.0102860000,0.3254725000
SV,0.0781180000,0.0304150000,0.0916039400
SM,0.0004190000,0.0000000000,0.4903392500
SO,0.2342870000,0.0092960000,0.1180000000
RS,0.0811780000,0.0591440000,0.4348425000
SS,0.1472020000,0.0000000000,0.1663269691
ST,0.0029030000,0.0003370000,0.1663269691
SR,0.0078190000,0.0048110000,0.2065565740
SK,0.0668270000,0.1122180000,0.2669062500
SI,0.0262200000,0.0581860000,0.4742500000
SE,0.1302710000,0.5996490000,0.7923301400
SZ,0.0153180000,0.0050260000,0.2613950000
SX,0.0005340000,0.0015810000,0.2384506743
SC,0.0014960000,0.0021060000,0.0204100000
SY,0.3040910000,0.0000000000,0.2816262500
TC,0.0005740000,0.0027850000,0.2384506743
TD,0.2501860000,0.0180510000,0.1663269691
TG,0.1172750000,0.0092710000,0.2511725000
TH,0.8833070000,0.4931060000,0.0272400400
TJ,0.1305330000,0.0165850000,0.4293687367
TM,0.0923700000,0.0645620000,0.4293687367
TL,0.0172630000,0.0016850000,0.2600197600
TO,0.0012840000,0.0000000000,0.2208726875
TT,0.0168650000,0.0233600000,0.2003625000
TN,0.1513150000,0.0514740000,0.4546520000
TR,1.0540160000,1.3778320000,0.3397403654
TV,0.0001190000,0.0000000000,0.2208726875
TZ,0.8450030000,0.0779290000,0.2968333300
UG,0.6164350000,0.0516150000,0.1861650000
UA,0.4666260000,0.0821900000,0.4804927300
UY,0.0417400000,0.0671930000,0.6053296600
US,4.1918610000,23.6187450000,0.3397403654
UZ,0.4481590000,0.1480460000,0.4293687367
VC,0.0012400000,0.0009990000,0.0955000000
VE,0.3500980000,0.0446220000,0.0455000000
VG,0.0004860000,0.0000000000,0.2384506743
VI,0.0012860000,0.0000000000,0.2384506743
VN,1.2446710000,0.4246250000,0.2821850000
VU,0.0040400000,0.0009250000,0.2208726875
WS,0.0026870000,0.0011140000,0.1180033300
YE,0.5001870000,0.0000000000,0.2937739550
ZA,0.7888870000,0.3828560000,0.2983295000
ZM,0.2627060000,0.0299670000,0.2885633300
ZW,0.2050180000,0.0246800000,0.1330025000
TW,0.0029000000,0.0084000000,0.3078719167
XK,0.0002200000,0.0001000000,0.4138045000
GG,0.0000350000,0.0000080000,0.2602349500
JE,0.0000730000,0.0000130000,0.2602344900
